idCliente,Nome,NumPedidos
472,Laura Fan,4376
91,Kjartan Wu,4961
480,Irina Cohen,4725
843,Ram Bitton,5715
866,Nikita Powell,4557
479,Evgeniy Okada,3642
654,Viktor Wekesa,4715
188,Maryam Wafula,5759
795,Maciej Rivera,5251
77,Lalita Hasna,5188
413,Lyubov Rumbelow,4551
929,Yahaya Taylor,6075
686,Denis Smirnova,3777
108,Johanna Okon,4797
24,Matthew Ward,4459
338,Jerzy Van-Dam,5619
135,Francis Michalak,4452
598,Berglind Kaczmarek,4832
285,Manfred Majewski,6128
330,Hong Powell,5735
746,Usman De-Bruijn,5630
279,Marta Ouma,4149
590,Barbara Mondal,3617
932,Iwona Tshabalala,6162
641,Carol Flores,4940
76,Cheng Parker,4782
497,Ian Wilson,5125
64,Prasit Omondi,5320
204,Ming Bala,4080
922,Rajesh Bello,5515
762,Sibongile Ostrowski,5640
258,Miriam Ortiz,5021
846,Wanphen Fiala,5400
596,Werner Audu,4662
130,Xiaoyan Kondo,5063
266,Toshio Schmitt,5646
389,Atli Baran,5179
634,Mariusz Ngobeni,5529
524,Matthew Karlsson,4146
443,Kristinn Muhammad,5613
848,Sombun Pugh,5226
800,Johannes Begam,5624
557,Adam Oakley,3742
600,Nadezhda Vargas,5458
500,Sommai Hauksson,5682
827,Marina Walter,4958
131,Sombun Torres,3555
822,Pedro Wekesa,5026
139,Denis Abubakar,5170
318,Amnuai Maas,5691
510,Sushila Chukwu,4988
602,Prasit Parker,4483
78,Rakesh Bunmi,5355
851,Xiang Parry,5343
999,Philip Salazar,5441
336,Ilya Garcia,5214
956,Anita Sarkar,5753
980,Usha Kikuchi,4865
718,Lindiwe Smirnova,5502
442,Bunmi Yin,5216
951,Xiaoping Singh,6342
671,Meiyr Sawicki,4954
325,Hadiza Singh,6078
677,Tomiko Kjartansson,4817
284,Samran Du-Plessis,3874
81,Somphon Emmanuel,5047
195,Ling Svoboda,4971
156,Vladimir Sakai,4127
256,Bernd Wood,4896
441,Jacobus Esteban,5791
59,Moshe Wu,6139
97,Christa Van-Beek,6369
242,Anong Bunma,5470
662,Mikhail Pietrzak,5401
476,Jean Buthelezi,3815
911,Andrea Ohana,5171
666,Chan Yang,5853
205,Christopher Oakley,5162
616,Rosa Kowalski,5161
447,Amnuai Juma,4877
899,Latda Herbulot,4979
882,Yasuo Yamaguchi,5032
503,Lukasz Saengthong,3938
637,Pushpa Lange,4403
200,Miriam Ohana,6309
755,Masako Mondal,4927
747,Sita Rathod,4535
241,Jesus Salazar,6020
867,Jianjun Ragnarsson,4676
366,Diego Jankowski,4233
163,Somnuek Blom,5330
306,Fatima Bekher,6550
89,Brigitte Ngobeni,5181
119,Yun Yadav,4857
192,Miguel Peters,5199
112,Kseniya Vega,5168
834,Wei Martin,4966
725,Latda Omer,4520
949,Isah Castro,5280
418,Tomiko Zajac,4587
427,Margaret Price,4342
858,Caroline Jones,5014
209,Lin Yahaya,5002
703,Petrus Adri,5601
984,Edda Santiago,5755
955,Raj Li,5082
322,Yoko Mohammed,4929
153,Shizuko Bauer,4640
407,Chao Shaikh,5234
237,Elisabeth Price,5643
767,Rut Hongthong,5578
978,Somkiat Clarke,6215
150,James Zheng,5631
812,Thawi Gumede,4818
528,Urmila Mazur,5358
278,Steve Van-Beek,5251
553,Chao Bunmi,5482
622,Zandile Omer,4437
839,Juan Ohana,5634
532,Urmila Cui,5042
643,Jianping Herbulot,5000
248,Denis Sangthong,5417
90,Keiko Jin,5398
435,Hong Rubio,5471
832,Tatyana Nguyen,5254
559,Erna Photsi,4693
342,Xiang Yao,5264
363,Sunil Ngobeni,4634
316,Bongani Baba,5852
72,Pilar Fujita,5394
43,Fatima Endo,6759
226,Peng Herrmann,4777
610,Thulani He,5337
376,Lilja Maeda,6029
373,Lijun Greenberg,5202
332,Valentina Masarweh,4393
400,Rita Gao,5419
4,Gang Thakur,4817
580,Luis Smirnova,4795
727,Emmanuel Williams,5155
837,Idris Maina,5928
779,Asha Jimenez,4761
364,Gang Ngcobo,5026
449,George Hassan,5684
117,Andrea Walter,5113
579,Haim Elbaz,3747
147,Inga Morgan,5335
171,Cristina Haraldsson,5009
174,Andrew Hoekstra,5590
411,Maria Ramos,5676
894,Anil Suarez,5382
883,Peng Radebe,4556
75,Katsumi Pavlova,4241
606,Hui Janssen,5237
917,Xolani Mahto,4895
314,Yu Werner,5238
989,Sushila Su,5258
229,Nittaya Walczak,4175
868,Ana Lavyan,5255
166,Aminu Venter,5770
379,Somchit Liu,6065
329,Adamu Einarsson,4447
223,Noam Szewczyk,5443
15,Sunthon Hill,4890
384,Watsana Parry,5066
783,Miriam Nakano,5151
298,Eva Shemesh,4560
737,Miriam Michalski,5516
394,Karin Aguilar,5441
312,Jane Matsumoto,5344
558,Charoen Kaur,5912
520,Jose-Antonio Govender,5310
958,Victor Cele,5624
208,Ying Michalak,4798
741,Jan Maciejewski,5574
52,Ashok Devi,4172
560,Krzysztof Baloyi,5228
791,Michal Haruna,5226
969,Chen Chand,4872
397,Agnieszka Dominguez,5534
915,Kun Chided,4800
968,Karen Nayak,5283
716,Karl Price,5106
842,Lalita Collins,5190
961,Martha Koch,4560
483,Ester Ansari,6348
633,Stephen Mutua,5508
37,Yhudah Begum,4889
128,Julie Visser,4465
429,Miykhael Ono,4937
952,Robert Cruz,5528
310,Amnuai Radebe,6026
299,Prasit Gomez,3648
404,Mohammad Baker,5370
646,Yael Smirnova,4618
511,Lyubov Santiago,4660
57,Themba Yao,6442
177,Joyce Shimizu,4386
948,Jianping Nyambura,5291
142,Mercy Saetang,5352
33,Erla Wafula,5684
617,Mo Meyer,5799
539,Yuval Zhang,5822
11,Shizuko Mhamid,4966
561,John Jimenez,4911
327,Tadashi Flores,5401
305,Uwe Kongkaeo,5026
50,Anton David,5577
669,Kasia Pawlak,4101
51,Narong Mathebula,4290
798,Maria Feng,5114
568,Katsumi Morgan,5123
797,Ian Huang,4298
276,Rut Marek,4664
82,Gisela Morgan,5145
943,Helmut Yuan,4843
218,Shigeru Shi,5242
754,Jose-Maria Salazar,5758
776,Noam Smith,4180
696,Suman Thakur,4790
124,Hassan Atieno,4210
126,Patricia Aliev,5125
186,Yasuo Okoro,4670
759,Ali Romanov,6418
719,Hui Jansen,4830
880,Michal Ngobeni,5291
658,Andrea Smoakley,5244
621,Mohammed Maciejewski,5237
395,Noriko Smits,5802
69,Qing Vega,4518
399,Karen Fuchs,5660
981,Caroline Adan,4752
594,Koshi Hussein,5228
700,Eliyahu Flores,5468
392,Linda Van-Dijk,5297
10,Alina Chided,5136
569,Kai Lewandowski,4357
464,Krzysztof Luo,4545
489,Lijun Carter,5845
934,Lilian Koech,5201
804,Lilja Huang,4153
623,Ramesh Bauer,4669
282,Barbara Smirnova,5452
335,Jane Pillay,5858
564,Oleg Adamu,4532
656,Manuel Ding,5386
950,Eliyahu Lis,4690
88,Marina Vargas,5690
473,Hisako Patil,4267
516,Elizabeth Okoth,4810
275,Hauwa Lewis,5362
537,Sabine Piotrowski,5505
766,Qing Rogers,5165
523,Carmen Marciniak,5292
635,Somphon Ota,5089
875,Klaus Clarke,6094
765,Xiaoli Hauksson,4431
396,Prasit Esteban,5593
383,Amnuai Saeli,5065
149,Anan King,4871
414,Zainab Verhoeven,5307
769,Susan Ding,4542
906,Omer Vargas,4857
101,Ewa Arai,4790
353,Kevin Gonzales,4890
578,Nushi Maier,6315
586,Fatima Bennett,4816
13,Chanah Ruiz,4399
712,Ana-Maria Ceng,4764
793,Kiyoko Mendoza,4274
216,Ekaterina Zhu,6153
632,Mahmood Hoffmann,4498
816,Amnuai Du-Plessis,4486
563,Agata Okeke,6150
358,Somchit Rubio,4324
251,Brigitte Mustapha,6354
877,Christopher Chand,4404
406,Francisco-Javier Sekh,4794
107,Suman Akpan,4191
29,Suman Van-Dam,5073
60,Amiyt Sichantha,5023
953,Andreas Cheruiyot,5716
660,Sam Shi,5131
859,Xiaoyan Adan,4501
752,Ping Clark,4780
213,Wei Keller,4978
919,Yuliya Agbaria,5915
675,Ming Tomaszewski,5208
180,Anah Guerrero,5144
301,Sibongile Parry,4814
245,Sombat Mohammed,5015
458,Jonathan Kimani,4714
221,Shoji John,5059
453,Mercy Hendriks,5453
530,Mo Rabiu,5607
293,Ying Harris,5567
193,Katarzyna Alonso,5604
408,Haiyan Robinson,5168
277,Rut Ceng,6165
940,Erla Mthethwa,5345
450,Rong Young,5584
995,Watsana Okafor,4528
626,Isaac Schneider,5464
224,Jesus Tal,5320
317,Karolina Sawicki,4417
674,Sunday Mahagna,4123
885,Janet Kuznetsov,4463
422,Nobuko Kaur,4178
850,Xolani Malkah,5913
203,Rut Braun,4778
252,Nancy Willems,4736
705,Sunthon Rani,5270
268,Rajendra Dai,5515
701,Susanne Muhammadu,5428
425,Brigitte Jenkins,4001
613,Roy Aliyu,4711
721,Herbert Sah,5322
913,Xiaoli Wambua,4467
103,Katsumi Isaac,4555
526,Francisco-Javier Mahlangu,4744
341,Janet Ren,4842
799,Li Sato,4411
663,Somsak Dijkstra,6523
678,Kamil Hartmann,5869
807,Kai Salazar,4715
974,Chan Shimizu,4690
525,Ning Kondo,6111
96,Noam Alonso,3852
496,Petra Hughes,4752
715,Noriko Van-den-Berg,4728
758,Yelena Das,5055
548,Ling Shapiro,5193
452,Akira Yang,5530
337,Philip Santos,4882
609,Chan Mohammed,5483
391,Anastasiya Sawicki,4275
505,Laxmi Kowalczyk,6036
328,Steve Nikolaeva,5068
111,Svetlana Adri,6725
562,Sarah Nakamura,5074
916,Mark Ceng,5949
288,Ryoko Mahato,4865
247,Usman Schneider,5564
659,Paulina Kuznetsov,5814
381,Santosh Hahn,4693
605,Michael Dumont,5175
259,Toshiko Hall,5242
918,Keiko Rivera,5478
232,Werner Ceng,6050
965,Yoshiko Malkah,4446
492,Kristinn Chauke,4812
360,Joan Okada,5156
154,Igor Stepanov,4981
784,Sawat Svoboda,4952
904,Samran Ogawa,5331
931,Amphon Okoth,5269
474,Ana Aliyu,4946
311,Isah Mikhaylov,5664
115,Ekaterina Castillo,5847
619,Sammy Li,4287
988,Michiko Schmitt,4643
370,Hiroko Shapiro,4917
457,Anton Ward,5447
271,Hendrik Meier,4694
417,Eva Yao,4671
702,Yoshio Tal,6596
94,Valentina Botha,4157
664,Aliyu Friedman,6097
172,Ekaterina Inoue,5820
910,Shigeru Khatoon,5759
545,Yisrael Jackson,4064
460,Johanna Grabowski,5089
304,Sveinn Yang,5317
538,Hanna Ono,4951
792,Sunita Eze,4078
331,Eva Sombun,4507
388,Mahmood Bala,4980
876,Anong Ikeda,5075
168,Yoko Kowalczyk,4080
971,Diego Oakley,5251
611,Fran Sakamoto,4781
12,Miykhael Yadav,4737
74,Mahmood Pugh,4754
707,Jason Verhoeven,5096
44,Janusz Mahlangu,4592
183,Christian Goldstein,4613
787,Ekaterina Ngubane,5521
456,Idris Vasileva,5605
957,Heike Ibrahim,6839
47,Usman Omondi,5781
281,Aliyu Jankowski,4981
9,Mei Maluleke,4434
118,Sergey Wilk,4657
504,Olga Jiang,4818
630,Yuval Sadowski,4510
738,Fatima Yamazaki,5029
378,Takeshi Pugh,5078
31,Vinod Herbulot,5054
393,Mariusz Owino,4480
132,Sammy Sombun,4768
887,Muhammad Nkosi,4703
625,Anan Herrera,5746
300,Andrey John,4467
6,Qing Buthelezi,5713
423,Tebogo Mahagna,4827
217,Eva Prins,4608
770,Yong Yang,5430
495,Nittaya Khoza,5275
514,Thomas Dauda,4956
21,Raj Smirnova,5183
927,Rong Sato,4413
903,Gisela Hopkins,4378
878,Isaac Wambui,4433
54,Shankar Pavlov,5231
255,Maria-Pilar Mhlongo,4575
819,Zainab Ahmed,4359
307,Mahmood Cheng,6103
828,Ana-Maria Jenkins,5455
120,Nancy De-Groot,4411
987,Yael Ceng,5344
711,Meiyr Guerrero,5099
540,Busisiwe Duda,4233
801,Pilar Williams,4664
706,Marek Nikitina,5048
820,Faith Amadi,4449
324,Alan Garcia,4711
914,Koichi Mitchell,5672
749,Eugenia Dijkstra,4297
571,Gang Otieno,3941
506,Santosh Gomez,4963
901,Thawi Piotrowski,5539
28,Hauwa Harris,4624
982,Mikhail Feng,5565
292,Shanti Mazurek,4904
291,Noam Chanthara,4544
459,Kiyoko Scott,4825
757,Faith Sukkasem,4765
62,Sushila Matthews,5572
805,Gisela Chmielewski,4877
708,Werner Umar,5642
529,Somkiat Hall,5039
45,Jennifer Rani,4681
290,Janusz Clark,4763
187,Jan Lopez,5653
109,Ko Ngwenya,4750
42,Suman Baba,5301
355,Kenneth Gumede,5481
372,Hauwa Okon,5569
46,Min Ram,5613
522,Ram Krause,4829
636,Yaakv Lehmann,6187
283,Reiko Vasilev,4906
536,Adiy Janssen,5272
356,Pilar Kristinsson,5124
420,Tebogo Van-den-Berg,5226
581,Amnuai Begum,5136
962,Jean Sanz,4793
434,Yan Goto,5359
552,Hiroshi Bakker,5188
891,Kun Iglesias,5286
756,Isa Lopez,4543
127,Amnuai Chen,5635
777,Suman Ellis,5163
775,Shay Hu,4929
92,Amnuai Frolova,5778
994,Yelena Omar,4453
893,Kiran Sanz,4688
125,Mohammad Mazibuko,5335
244,Carol Saetan,4862
975,Bunmi Griffiths,5764
146,Wolfgang Peng,4798
544,Maryam Wafula,4350
361,Andrew Macharia,4266
286,Anna Lis,5420
676,Kasia Abubakar,5204
895,Dorota Eliyahu,4789
963,Ramesh Audu,4398
650,Ilya Phillips,4488
713,Xiang Dekker,4573
794,Chayah Chanthara,5762
326,Hisako Lozano,5094
234,Pushpa Moshe,5528
274,Yun Kubiak,4947
722,Ling Nel,5112
121,Hideo Khan,4661
262,Darya Tanaka,5893
158,Hisako Muhammad,5230
419,Jane Fukuda,4553
936,Dariusz White,4952
533,Avraham Smirnova,4589
467,Carlos Garza,5273
477,Wichian Langat,5617
555,Uwe Nikolaev,5500
655,Watsana Marek,5284
169,Patrick Ngcobo,4560
53,Xolani Morozov,6345
831,Jonathan Rodriguez,4863
155,Kenneth Hartmann,5009
614,Lin Langat,5599
144,Lyubov Ngubane,4840
844,Fatima Mutuku,5204
813,Miriam Saelim,5211
547,Paulina Chebet,6121
359,Somkiat Sani,4999
852,Masao Price,5023
966,Hui Usman,5562
436,Jianping Eze,5560
499,Kabiru Kaur,5097
354,Latda Yamada,4630
367,Shizuko Sharma,5781
572,Sushila Jackson,4294
143,Zhen Vazquez,5270
607,Michal Schwartz,5210
371,Paula Diaz,5278
315,Pablo Mandal,4562
444,Dmitriy Moreno,4376
302,Rattana Lis,6318
835,Grace Kjartansson,4765
246,Amnuai Gumede,5431
7,Yakubu Isah,5768
786,Vijay Rani,5367
386,Miykhal Lal,4764
704,Karin Gu,4239
438,Sipho Kongkaeo,4676
517,Ruth Dudek,4457
375,Yan Williams,4149
61,Yusuf Mkhize,4764
297,Heike Adamu,4302
501,Amiyr Segel,4695
748,Takako Mhamid,5754
1,Carmen Mkhize,2371
185,Peter Lis,5292
32,Hiromi Zhao,3943
742,Yoko Zakharova,5220
886,Abubakar Bevan,5062
830,Bjarni Peter,4973
110,Ashok Hu,4796
98,Latda Feng,4579
430,Karl Lee,5600
604,Krishna Juma,4814
129,Xiang Isaac,5399
40,Angela Rees,6107
273,Artur Song,5309
997,Karolina Gil,4465
323,Mpho Castro,4434
346,Haiyan Mutua,4607
652,Kamil Griffiths,5856
941,Jacobus Guerrero,4676
618,Jakub Petrov,6651
179,Hans-Ulrich Cohen,5170
206,Reiko Piotrowski,4348
416,Thabo Umaru,5657
267,Lihua Achieng,4767
535,Miriam Mazibuko,4675
730,Evgeniy Mhlongo,5585
698,Min Peretz,5463
66,Koichi Popov,4812
289,Laura Johnson,6270
838,Hiroko Goto,4799
732,Kelvin Richards,4873
493,Xiaoyan Mitchell,4588
161,Yuval Medina,5310
484,Alina Chanthara,4837
36,Somsak Maier,5391
235,Koichi Zwane,4919
321,Amiyt Cai,5566
440,Manju Morgan,5292
599,Ning Watkins,4786
862,Yuval Nowicki,5007
864,Maryam Kongkaeo,5498
991,Manju Schouten,5319
184,Javier Lu,4849
220,Graham Ojo,4511
854,Birgit Murakami,5389
412,Xiaoping Pillay,4669
687,Blessing Fujii,5385
228,Meiyr Brown,5009
546,Yoshiko Ram,5792
141,Jonathan Rungrueang,5350
455,Yu Sombun,5677
263,Brigitte Saha,5144
735,Nokuthula Nayak,5511
402,Lisa Achieng,6182
668,Lilian Rowlands,5446
343,Miriam Meng,4934
772,Tatyana Kaiser,5015
587,Roman Shi,5642
972,Krishna Ojo,5052
970,Wirot Okeke,5616
573,Nadezhda Das,4856
196,Viktor Govender,4680
486,Mukesh Baran,5325
979,Dinesh Molefe,5802
137,Somkiat Ivanov,4765
744,Gabra Saelim,4227
362,Wanphen Saeli,4329
22,Sanjay Meier,4121
861,Juan Martinez,5275
881,Sibusiso Matsumoto,4207
490,Barbara Van-der-Heijden,4848
390,Charles Adhiambo,3886
512,Shigeru Hasna,5846
986,Yu Haraldsson,4939
164,Abubakar Oakley,4937
269,Gareth Chmielewski,5022
498,Yaakv Phillips,4767
471,Bunmi Rubio,5192
733,Cristina Lehmann,5199
945,Karen Suad,4838
642,Fiona Muhammed,5850
697,Aleksandra Zhang,4950
140,Joanna Weber,4623
670,Yan Verhoeven,4228
709,Xiaoping Kimani,4986
833,Johannes Peters,4432
199,Suman Wieczorek,4844
265,Katarzyna James,5077
576,Mieko Bunma,4528
463,Raju Cook,4506
863,Sri Howells,5135
890,Rafael Wanjala,5566
482,Rosa Martinez,5129
821,Irina Baker,5031
726,Raj Sadowski,4127
159,Evgeniy Grabowski,5024
99,Meiyr Gomez,4022
470,Valentina Richardson,4533
382,Yuval Hopkins,5309
369,Katsumi Igwe,4414
768,Atli Mendoza,5421
818,Juan Bjarnason,3814
350,Magda Hill,4832
603,Robert Ber,5742
122,Grace Patel,5340
34,Rosa Yamamoto,5793
809,Maciej Shevchenko,6188
469,Werner Karlsson,4132
841,Tomiko Gao,5075
873,Gunnar Rowlands,5313
679,Akira Sulaiman,4748
817,Denis Bailey,3998
488,Claudia Sunday,4205
884,Christine Tang,6354
653,Wichai Ngubane,4867
909,Ming Nowakowski,4951
811,Yun Omondi,4050
478,Isabel Llewellyn,5054
181,Shoshanah Hendriks,4752
665,Sri Omar,5168
148,Dariusz Avraham,4395
198,Atli Zhao,4683
870,Diego Nakajima,5293
699,Rekha Gil,5286
14,Yaakv Haraldsson,5544
549,Nancy Greenberg,5148
437,Heike Van-Beek,5184
879,Meiyr Haruna,3078
351,Narong Pawlak,5392
849,Ying Vermeulen,4854
433,Jianguo Suissa,4750
550,Samran Sekh,5805
933,Heike Fang,4448
313,Somchai Baloyi,5099
513,Kazuo Song,4240
466,Hans Zajac,4580
465,Umar Hussein,5207
694,Johanna Davies,4947
556,Moses Lavyan,4919
592,Chao Zwane,5040
448,Hiromi Adamu,4599
238,Pricha Ntuli,5632
888,Franz Flores,4710
254,Somkhit Kowalski,5045
926,Manfred Jankowski,5178
403,Sam Cheng,5917
409,Wirot Bos,5664
845,Jesus Esteban,3830
976,Tal Rungrueang,4266
648,Dmitry Einarsson,6021
114,Moses Michalski,4885
239,Sachiko Mor,5097
347,Xiaoping Umaru,5303
745,Thawi Deng,4821
771,Hui Shapiro,6450
357,Hildur Saha,5558
48,Jacobus Mofokeng,4169
612,Werner Svoboda,5022
345,Samuel Kowalczyk,4912
385,Ping Gao,5079
714,Jakub Wairimu,4337
41,Gita Majewski,4658
593,Omer Lehmann,5956
847,Suman Radebe,4213
728,Pieter Njeri,4878
80,Yahaya Ueda,5906
63,Gabra Jankowski,4917
682,Lyubov Rotich,4761
855,Kun Mulder,4925
157,Caroline Gunnarsson,5490
250,Sombat Mikhaylova,4794
233,Aleksander Macharia,4707
398,Masao Wairimu,4905
921,Teruko Jia,4667
219,Winai Patel,4712
924,Erla Sokolova,5204
836,Bernd Prieto,4890
954,Yong Cai,5327
236,Svetlana Sekh,5377
339,Dinesh Pietrzak,4352
938,Chanah Patel,4743
570,Stefan Du-Plessis,4329
944,Miykhal Saetang,5024
257,Yusuf Zalewski,5158
344,Tebogo Santiago,4745
531,Hauwa Young,6086
897,Isa Griffiths,5152
260,Sammy Tang,4549
736,Yusuf Pan,4354
1000,Masao Akpan,2459
100,Hong Hasna,4554
93,Irina Wairimu,4730
993,Eunice Schmitz,4684
507,Ester Richardson,3582
985,Suresh Nkosi,5002
23,Shay Devi,5023
428,Busisiwe Richter,5299
270,Wilai Alvarez,5576
684,Eva Ibrahim,4770
485,Sharon Ojo,4601
688,Xin Sokolova,5139
998,Zbigniew Liao,4819
673,Rita Cherinsuk,4998
672,Koichi Haraldsson,4363
445,Ali Jabarin,4936
207,Galina Dlamini,5041
210,Joan Inoue,4481
889,Peter Audu,5761
565,Yoshimi Vermeulen,4665
225,Mieko Rungrueang,4310
374,Aisha Lavyan,5690
49,Keiko Vasilev,5697
964,Mohammed Simiyu,4777
939,Fatima Starr,5234
763,Sita Kariuki,4623
73,Katsumi Ndlovu,4913
689,Mary Wei,5388
319,Anil Wang,6201
860,Mohammed Pavlov,4906
710,Yakubu Tanaka,4259
243,Carmen Wood,4690
595,Xiaoping De-Groot,5531
294,Joanna White,4292
410,Xiaoli Harle,4675
729,Aleksandr Bauer,4632
253,Iwona Elbaz,5014
240,Mpho Griffiths,4933
778,Somphon Jenkins,5836
905,Sergio Gil,4293
693,Shay Sah,6198
334,Paulina Arnarson,5551
84,Kun Nyambura,5804
739,Sawat Van-den-Berg,5526
145,Nadezhda Alvarez,4013
349,Johannes Yamamoto,4871
644,Joyce Czarnecki,5269
197,Ramesh Chaichana,4551
308,Edda Krawczyk,5698
928,Zainab Kowalski,4242
71,Frank Avraham,5105
509,Vijay Haruna,5063
446,Maria Fang,4836
990,Rekha Kimani,4471
930,Paul Gomez,5453
35,Dinesh Kumar,5469
815,Gunnar Chand,4867
789,Tamar Suleiman,4266
116,Lei Maciejewski,4858
201,Ning Sakamoto,4284
751,Jerzy Du-Plessis,6393
597,Alejandro Mitchell,5165
16,Lyubov Smoakley,4596
178,Wichai Keller,3934
760,Amiyt Mikhaylova,4716
810,Chao Kucharski,4801
211,Irina Dube,5251
133,Xin Zawadzki,4848
585,Kjartan Cruz,4715
30,Chen Ortega,4801
865,Maria-Pilar Pfeiffer,5110
86,Laura Amadi,4858
647,Suman Reyes,5833
781,Claire Lange,6481
68,Lilian Ivanov,4478
681,Shay Jiang,4080
898,Jesus Fernandez,5077
638,Yhudah Majewski,4933
582,Dmitriy Helgason,5824
27,Lyubov Isah,4637
608,Carol Fujii,5772
690,Sharon Behera,5106
70,Fatima Mkhize,5285
584,Josefa Mabaso,4632
191,Marta Ivanova,5323
907,Akira Garza,5314
365,Ling Powell,5252
173,Thulani Begam,4713
935,Dmitriy Castillo,4880
58,Karolina Yao,5723
415,Jose-Manuel Okoro,4393
405,Ryoko Jadhav,4471
190,Sunday Perez,5108
202,Santosh Bekher,4189
230,Tatyana Grabowski,5375
902,Cheng Suzuki,3798
303,Sunil Santiago,4261
79,Yahaya Mahlangu,5283
340,Udom Cano,4081
152,Anong Mthembu,4827
740,Paula Kubiak,4589
494,Nittaya Kowalski,4169
151,Sibongile Einarsson,4907
983,Aleksander Kobayashi,5288
657,Sibusiso Morozov,4672
947,Anah Wambui,4780
874,Keiko Van-Dam,5141
920,Fernando Musa,5287
724,Karin Biswas,4669
518,Karl-Heinz Alvarez,5428
541,Nadezhda Zulu,5037
543,Masami Zaytseva,4512
992,Hui Harrison,4889
774,Susan Kumar,4448
165,Robert Saito,3684
272,Radha Kuznetsov,5614
996,Bernd Romanov,5440
231,Sebastian Ye,4846
960,Rachel Wilson,4520
731,Kai Zwane,4658
527,Yuko Hoffmann,5529
645,Fernando Suzuki,4866
227,Heinz Reyes,4665
923,Xiang Schulze,4184
368,Prasit Roy,4466
946,Yong Clark,4372
487,Karen Bowen,5265
667,Lucia Richardson,4038
38,Miguel-Angel Van-der-Linden,4301
937,Rosa Prins,5063
803,Thawi Ward,4547
189,Nushi Garza,4872
18,Hideo Prins,5607
454,Irina Aliev,4830
691,Koshi Mahagna,4647
829,Somchit Ghosh,4125
615,Jakub Garcia,5879
461,Anita Ding,4852
723,Sibongile Baloyi,5153
620,Artyom Khatib,4806
734,Aminu Hongthong,5869
106,Hauwa Mabaso,5853
683,Beata Rowlands,4242
508,Xiaoli Witkowski,5590
138,Min Serrano,4792
348,Sombat Schwartz,4665
680,Salisu Omar,5454
2,Wojciech Maas,4935
462,Ning Ono,3870
764,Pawel Martin,5412
551,Rebecca Mhamid,4579
212,Ahmad Kobayashi,3977
170,Darya Maluleke,5178
717,Karen Allen,5177
491,Mohamed Rungrueang,5185
296,Pawel Molefe,5025
872,Masami Patil,4717
900,Rachel Meier,4244
502,Yoshie Omondi,4772
280,Petra Macharia,5743
134,Gabra Ren,4344
424,Elke Gu,4441
432,Bunmi Tian,4974
83,Koji Nikitina,4885
136,Emma Lavyan,4658
261,Chayah Flores,6081
761,Eugenia Kwiatkowski,6441
421,Darya Lewis,4312
162,Sergio Abe,5429
825,Anong Dominguez,6050
176,Ling Huang,4546
583,Fernando Sikora,4240
743,Mahmood Jakubowski,5523
661,Patricia Okon,4590
55,Nadezhda Wambua,5289
123,Rong Mthembu,4161
264,Nonhlanhla Ceng,4842
56,Eunice Yu,5413
17,Radha Mutuku,5061
215,Wei Kristinsson,4990
468,Lyudmila Thongkham,5336
651,Daniel Sukkasem,5384
908,Koshi Yamaguchi,4700
401,Nittaya Lewis,4652
806,Jianguo Mahato,7016
104,Emiko Thongkham,4230
628,Abdul Coetzee,3564
451,Li Thongsuk,5196
380,Lukasz Smoakley,4950
567,Masako Krause,3853
521,Sunthon Kuznetsov,4454
692,Francisco-Javier Walters,6266
542,Andri Karanja,5852
20,Rita Yamaguchi,4349
977,Aleksandra Bunmi,4838
85,Haruna Haraldsson,4383
892,Dennis Walczak,4887
95,Raj Van-der-Heijden,4528
65,Shizuko Han,5044
431,Chayah Salazar,5180
8,Yuriy Aminu,4559
574,Akira Adhiambo,5147
87,Irina Nayak,5556
377,Brigitte Khatib,5266
857,Magda Bibi,5380
5,Fatima Hughes,6200
519,Leah Mazurek,5839
534,Miriam Borkowski,4635
824,Margaret Akpan,5504
387,Yuval Yan,4767
25,Yakubu Suissa,5220
287,Miguel-Angel Petrova,5595
481,Sam Roberts,4300
333,Fran Dominguez,4944
802,Mikhail Magomedov,4519
39,Martha Kibet,6135
649,Mpho Luo,5675
3,Lalita Shehu,4260
912,Takako Kariuki,5707
840,Yong Fernandez,5340
631,Grace Wanjala,5100
577,Elisabeth Levy,4984
788,Emmanuel Sah,4830
750,Valentina Muthoni,4559
823,Qing Isa,4190
182,Xin Omondi,5972
627,Isa Schmidt,5502
67,Ping Delgado,5638
959,Salisu Jakubowski,5060
19,Prasit Ngubane,4418
575,Nancy Thongdi,5489
309,Xolani Zhou,4466
629,Einar Sithole,4473
113,Hiromi Davies,5375
194,Salisu Du-Plessis,4290
439,Yasuko Atieno,5248
566,Renate Aliev,4486
925,Isah Paswan,5499
780,Alexey Ahmad,5296
591,Nokuthula Moore,5358
624,Ning Endo,4937
167,Amnuai Fuchs,5203
601,Eliyahu Mendoza,5027
685,Guy Vega,5519
295,Zanele Das,4987
515,Joyce Svoboda,5272
967,Grzegorz Mohammed,5119
589,Thawi Mhlongo,4351
26,Xiaoyan Powell,6245
352,Kamil Volkov,4698
695,Birgir Blom,5756
869,Fatima Hassan,5043
814,Sunita Saengthong,5428
773,Ying Lu,4487
320,Ning Singh,4349
720,Juan Smirnova,5252
808,Suman Zhou,4543
790,Maciej Walter,5135
175,Wanchai Wangui,5743
856,Arnar Muthoni,5908
782,Santosh Fujita,4317
160,Miyoko Juma,5397
214,Shoshanah Green,5876
853,Bongani Fang,4774
105,Yasuko Hernandez,4787
640,Javier Aminu,4919
639,Kiyoshi De-Groot,5691
826,Unnur Suissa,5068
871,Gary Zhou,4579
249,Alex Mayer,4790
588,Sommai Navarro,4705
475,John Hussein,4875
102,Yue Venter,5426
785,Aliyu Juma,5199
896,Steven Turner,4472
426,Birgir Njoroge,5251
796,Manuel Lang,3945
554,Maryam Umar,5689
973,Joanna Rowlands,5429
942,Petra Hashimoto,6567
222,Tomiko Ntuli,5095
753,Bello Maciejewski,4105